                  epoch,         train/box_loss,         train/cls_loss,         train/dfl_loss,   metrics/precision(B),      metrics/recall(B),       metrics/mAP50(B),    metrics/mAP50-95(B),           val/box_loss,           val/cls_loss,           val/dfl_loss,                 lr/pg0,                 lr/pg1,                 lr/pg2
                      1,                 1.6661,                 2.6717,                 2.1148,                0.00108,                0.19495,                0.00066,                0.00016,                 3.4772,                    inf,                  8.274,              0.0004699,              0.0004699,              0.0004699
                      2,                 1.8685,                 2.6505,                 2.2313,                0.00108,                0.19495,                0.00066,                0.00016,                      0,                 8.5625,                      0,             0.00094436,             0.00094436,             0.00094436
                      3,                 1.8821,                 2.6829,                 2.2359,                0.00326,                0.21274,                0.01077,                0.00149,                 4.2951,                    inf,                 12.872,              0.0014169,              0.0014169,              0.0014169
                      4,                 1.8699,                 2.6854,                  2.207,                0.00109,                0.01515,                0.00079,                0.00037,                 4.4571,                    inf,                  7.965,              0.0014205,              0.0014205,              0.0014205
                      5,                 1.7917,                 2.5337,                 2.1459,                0.01089,                0.13481,                0.00983,                0.00346,                 2.7237,                 15.184,                 3.4434,              0.0014177,              0.0014177,              0.0014177
                      6,                 1.7248,                 2.5127,                  2.106,                0.12926,                0.29192,                0.13253,                0.04571,                 2.2346,                 3.0957,                 2.8527,              0.0014149,              0.0014149,              0.0014149
                      7,                 1.6593,                 2.4471,                 2.0454,                0.20346,                0.23054,                0.16336,                 0.0651,                 2.3677,                 2.7686,                 2.9973,               0.001412,               0.001412,               0.001412
                      8,                 1.6375,                 2.4238,                 2.0328,                0.23446,                 0.3676,                0.23124,                0.10235,                 2.1218,                 3.8067,                 2.6925,              0.0014092,              0.0014092,              0.0014092
                      9,                 1.6429,                 2.4034,                 2.0307,                0.24666,                0.41554,                 0.2355,                0.10238,                 2.3164,                 4.0778,                 2.7725,              0.0014064,              0.0014064,              0.0014064
                     10,                 1.6372,                 2.3808,                 2.0225,                 0.2751,                0.28182,                 0.2729,                0.11118,                 1.8727,                 2.7699,                  2.472,              0.0014035,              0.0014035,              0.0014035
                     11,                 1.5985,                 2.2732,                 1.9791,                0.33548,                0.36072,                0.33126,                0.12894,                  2.049,                 2.4774,                 2.5703,              0.0014007,              0.0014007,              0.0014007
                     12,                  1.578,                 2.2322,                 1.9593,                0.27861,                0.44235,                0.36293,                0.14812,                 1.8285,                 2.0587,                 2.4809,              0.0013979,              0.0013979,              0.0013979
                     13,                 1.5926,                  2.262,                 1.9792,                0.27581,                 0.5949,                0.37705,                0.15989,                 1.8677,                 2.7181,                 2.3774,               0.001395,               0.001395,               0.001395
                     14,                 1.5321,                 2.2521,                 1.9344,                0.40282,                 0.4446,                0.43802,                0.17323,                 1.9118,                 2.2422,                 2.4918,              0.0013922,              0.0013922,              0.0013922
                     15,                 1.5824,                 2.2076,                 1.9708,                0.22868,                0.46496,                0.27944,                0.10341,                  1.946,                 2.2717,                 2.4743,              0.0013894,              0.0013894,              0.0013894
                     16,                 1.5639,                 2.2766,                 1.9789,                0.31198,                0.47168,                 0.3686,                 0.1703,                 1.8487,                 2.2794,                 2.3903,              0.0013866,              0.0013866,              0.0013866
                     17,                 1.5478,                 2.2033,                 1.9535,                 0.4809,                 0.4885,                0.43412,                0.19122,                 1.7136,                 2.2336,                 2.3152,              0.0013837,              0.0013837,              0.0013837
                     18,                 1.5189,                 2.1324,                 1.9218,                 0.2662,                0.48555,                0.34181,                0.15101,                 1.7695,                 2.4848,                 2.4312,              0.0013809,              0.0013809,              0.0013809
                     19,                 1.5406,                 2.1362,                 1.9368,                 0.3356,                0.51321,                0.36712,                0.13975,                 1.9322,                 2.0002,                 2.5256,              0.0013781,              0.0013781,              0.0013781
                     20,                 1.4693,                 2.1808,                 1.8834,                0.37359,                0.41259,                0.33585,                0.12297,                 1.8909,                 2.1721,                 2.5266,              0.0013752,              0.0013752,              0.0013752
                     21,                 1.5163,                 2.1635,                 1.9177,                0.33417,                0.35346,                0.27082,                0.08896,                  1.971,                 2.4675,                 2.6064,              0.0013724,              0.0013724,              0.0013724
                     22,                 1.5493,                 2.1997,                 1.9375,                0.36703,                0.51469,                0.43233,                0.16675,                 1.8882,                 2.0174,                 2.4523,              0.0013696,              0.0013696,              0.0013696
                     23,                 1.4948,                 2.1335,                 1.9006,                0.38086,                0.56046,                0.37865,                 0.1509,                 1.8939,                 2.0489,                 2.4824,              0.0013668,              0.0013668,              0.0013668
                     24,                 1.5019,                 2.1039,                 1.9017,                 0.3597,                0.50859,                0.44243,                0.19067,                 1.8794,                 2.1332,                 2.4111,              0.0013639,              0.0013639,              0.0013639
                     25,                 1.4526,                 2.1376,                  1.874,                0.30551,                0.47247,                0.40997,                0.16883,                  1.869,                 2.1974,                 2.4738,              0.0013611,              0.0013611,              0.0013611
                     26,                 1.5047,                 2.1096,                 1.8995,                0.29309,                0.50831,                0.38407,                0.15706,                 1.8066,                 2.2073,                 2.4512,              0.0013583,              0.0013583,              0.0013583
                     27,                 1.4747,                 2.1107,                 1.8669,                0.44243,                0.44988,                0.48294,                0.18446,                 1.9192,                 2.1146,                 2.4846,              0.0013554,              0.0013554,              0.0013554
                     28,                 1.4501,                  2.088,                 1.8612,                0.34092,                 0.5547,                0.45332,                0.19275,                 1.7776,                 2.1096,                  2.461,              0.0013526,              0.0013526,              0.0013526
                     29,                 1.5225,                 2.1128,                  1.907,                0.44006,                0.57234,                0.44822,                0.18957,                 1.8161,                 2.1065,                    2.5,              0.0013498,              0.0013498,              0.0013498
                     30,                 1.4496,                 2.0626,                  1.852,                0.27328,                0.60575,                 0.4115,                0.17998,                  1.879,                 2.1403,                  2.482,              0.0013469,              0.0013469,              0.0013469
                     31,                 1.4204,                 2.0888,                 1.8537,                0.36116,                0.56255,                0.47573,                0.15511,                 1.9855,                 1.9618,                    2.6,              0.0013441,              0.0013441,              0.0013441
                     32,                 1.3917,                  1.991,                 1.8245,                0.48507,                0.60746,                0.50974,                0.22785,                 1.7885,                 1.9929,                 2.4038,              0.0013413,              0.0013413,              0.0013413
                     33,                 1.4341,                 2.0281,                 1.8571,                0.41537,                0.56061,                0.43583,                0.17257,                 1.8323,                 1.9893,                 2.4067,              0.0013385,              0.0013385,              0.0013385
                     34,                 1.4332,                  2.055,                 1.8562,                0.46218,                0.39448,                0.44871,                0.20407,                 1.7779,                 1.8815,                 2.3808,              0.0013356,              0.0013356,              0.0013356
                     35,                 1.4489,                 2.0234,                 1.8508,                0.42993,                0.58057,                0.46284,                0.17966,                  1.927,                 1.8283,                 2.5572,              0.0013328,              0.0013328,              0.0013328
                     36,                 1.3877,                 1.9497,                 1.8145,                0.33024,                0.54911,                0.42357,                 0.1941,                 2.0023,                 2.1265,                 2.5532,                0.00133,                0.00133,                0.00133
                     37,                 1.4398,                 2.0257,                 1.8429,                0.34306,                 0.5888,                0.42935,                 0.1694,                 1.8495,                 1.9057,                 2.4599,              0.0013271,              0.0013271,              0.0013271
                     38,                 1.4073,                 1.9791,                  1.848,                0.47484,                0.53536,                0.47252,                0.23692,                  1.758,                 2.0304,                 2.3409,              0.0013243,              0.0013243,              0.0013243
                     39,                 1.4019,                 1.9168,                 1.8144,                0.32917,                0.52106,                0.40236,                0.18304,                 1.8325,                  2.556,                 2.4291,              0.0013215,              0.0013215,              0.0013215
                     40,                 1.4122,                 1.9934,                 1.8422,                0.50806,                0.51181,                0.46106,                0.23015,                 1.6748,                 2.0029,                  2.303,              0.0013187,              0.0013187,              0.0013187
                     41,                 1.3699,                 1.9211,                 1.8072,                0.37203,                0.37125,                0.35576,                0.14059,                 2.0769,                 2.1113,                 2.6964,              0.0013158,              0.0013158,              0.0013158
                     42,                 1.4011,                  1.943,                 1.8202,                0.39094,                0.53359,                0.45938,                0.21148,                 1.7458,                 2.0054,                 2.5095,               0.001313,               0.001313,               0.001313
                     43,                 1.3738,                 1.9309,                 1.8074,                0.40013,                0.41632,                0.40371,                  0.168,                 1.8609,                 2.3057,                 2.5294,              0.0013102,              0.0013102,              0.0013102
                     44,                 1.3939,                 1.9427,                 1.8185,                0.39222,                0.51043,                0.45511,                0.18878,                  1.765,                 1.9164,                 2.4981,              0.0013073,              0.0013073,              0.0013073
                     45,                 1.3938,                 1.9492,                 1.8091,                0.39914,                0.48392,                0.44212,                0.21159,                 1.7936,                 2.0148,                 2.4342,              0.0013045,              0.0013045,              0.0013045
                     46,                 1.4045,                 1.9138,                 1.8138,                 0.3492,                0.66488,                0.44303,                0.21743,                 1.8076,                 1.6198,                 2.4427,              0.0013017,              0.0013017,              0.0013017
                     47,                 1.3808,                 1.9412,                 1.8148,                0.71386,                0.45922,                0.49075,                0.22625,                 2.0589,                 2.1229,                 2.7188,              0.0012988,              0.0012988,              0.0012988
                     48,                 1.3683,                 1.8849,                 1.7991,                0.39088,                0.49269,                0.47514,                0.21997,                 1.7979,                 1.8505,                 2.3505,               0.001296,               0.001296,               0.001296
                     49,                 1.3484,                 1.8732,                  1.782,                0.41716,                0.55328,                0.49467,                0.22236,                 1.7476,                 1.9974,                 2.4141,              0.0012932,              0.0012932,              0.0012932
                     50,                 1.3625,                 1.8633,                  1.799,                0.34535,                 0.3798,                0.35752,                0.16882,                 2.0725,                 2.5233,                 2.6864,              0.0012904,              0.0012904,              0.0012904
                     51,                 1.3342,                 1.8764,                 1.7704,                0.44938,                0.59443,                0.55263,                0.24086,                 1.8461,                 1.6717,                  2.478,              0.0012875,              0.0012875,              0.0012875
                     52,                 1.3486,                  1.847,                 1.7705,                0.65759,                0.38818,                0.47091,                0.23374,                 1.9018,                 2.0738,                  2.519,              0.0012847,              0.0012847,              0.0012847
                     53,                 1.3532,                 1.8433,                 1.7843,                0.31744,                0.54227,                0.44452,                 0.1966,                 1.8136,                 2.0823,                 2.4648,              0.0012819,              0.0012819,              0.0012819
                     54,                 1.3693,                 1.8407,                   1.78,                0.34488,                0.38071,                 0.3442,                0.13701,                 1.9521,                 2.0229,                 2.6376,               0.001279,               0.001279,               0.001279
                     55,                 1.3782,                 1.8331,                 1.8054,                 0.4797,                0.59292,                 0.5578,                 0.2655,                 1.8001,                 1.8213,                 2.4559,              0.0012762,              0.0012762,              0.0012762
                     56,                 1.3294,                 1.7994,                 1.7563,                0.43864,                0.60598,                0.56075,                0.26814,                 1.9025,                 1.6113,                 2.4655,              0.0012734,              0.0012734,              0.0012734
                     57,                 1.3397,                  1.781,                 1.7623,                0.50918,                0.59627,                0.53986,                0.26334,                 1.8178,                 1.6948,                 2.5002,              0.0012706,              0.0012706,              0.0012706
                     58,                 1.3356,                 1.8313,                 1.7567,                 0.4278,                0.57669,                0.51126,                0.22514,                 1.8064,                 2.0051,                 2.3892,              0.0012677,              0.0012677,              0.0012677
                     59,                  1.325,                 1.7808,                 1.7647,                0.51769,                0.65828,                0.54757,                0.27793,                 1.7869,                 1.6068,                 2.3641,              0.0012649,              0.0012649,              0.0012649
                     60,                 1.3688,                 1.7966,                 1.7774,                0.49227,                0.59201,                0.54636,                0.25121,                 1.7856,                 1.7797,                 2.4747,              0.0012621,              0.0012621,              0.0012621
                     61,                 1.2937,                 1.7145,                 1.7441,                0.61973,                0.46625,                0.52409,                0.22907,                 1.9583,                 1.6626,                 2.6209,              0.0012592,              0.0012592,              0.0012592
                     62,                 1.3407,                 1.7452,                 1.7543,                0.62639,                0.51096,                0.55603,                0.26017,                 1.8321,                 1.7991,                 2.4675,              0.0012564,              0.0012564,              0.0012564
                     63,                 1.3474,                 1.7538,                 1.7634,                0.50238,                0.60821,                0.54853,                0.28076,                  1.819,                 1.9498,                 2.3982,              0.0012536,              0.0012536,              0.0012536
                     64,                 1.3055,                 1.7421,                 1.7536,                0.68202,                 0.5948,                0.55508,                0.27806,                  1.895,                 1.6238,                 2.4835,              0.0012507,              0.0012507,              0.0012507
                     65,                 1.3477,                 1.7274,                 1.7608,                0.63583,                0.54887,                0.53063,                0.27049,                 2.0779,                 1.7757,                 2.6756,              0.0012479,              0.0012479,              0.0012479
                     66,                 1.2689,                 1.6406,                 1.7116,                0.70725,                0.51975,                0.59116,                0.28795,                  1.938,                 1.5728,                 2.5051,              0.0012451,              0.0012451,              0.0012451
                     67,                  1.282,                 1.7216,                 1.7265,                0.46621,                0.62168,                 0.5878,                0.30527,                 1.9161,                  1.588,                 2.6223,              0.0012423,              0.0012423,              0.0012423
                     68,                 1.2933,                 1.7164,                 1.7258,                0.48149,                0.59038,                0.60015,                0.26172,                 1.9624,                 1.7503,                 2.5602,              0.0012394,              0.0012394,              0.0012394
                     69,                 1.2651,                  1.664,                 1.7195,                 0.5137,                0.65386,                0.54558,                0.26186,                 1.8587,                 1.7594,                 2.4876,              0.0012366,              0.0012366,              0.0012366
                     70,                 1.2661,                 1.6348,                   1.72,                0.72411,                0.55104,                 0.6699,                0.33325,                 1.7981,                  1.484,                 2.3886,              0.0012338,              0.0012338,              0.0012338
                     71,                 1.3057,                 1.6471,                 1.7424,                0.62311,                0.54897,                0.59092,                0.29284,                 1.8129,                 1.5244,                 2.4557,              0.0012309,              0.0012309,              0.0012309
                     72,                 1.3169,                 1.6447,                 1.7525,                0.75733,                0.56402,                0.60432,                0.31412,                 1.9123,                 1.5929,                 2.6225,              0.0012281,              0.0012281,              0.0012281
                     73,                 1.2378,                 1.6076,                 1.6994,                0.58113,                0.58283,                0.59147,                0.27488,                 1.9406,                 1.7222,                 2.4454,              0.0012253,              0.0012253,              0.0012253
                     74,                 1.2343,                 1.6376,                 1.6877,                0.51242,                0.57561,                0.57111,                0.27013,                  1.898,                 1.7727,                 2.4625,              0.0012225,              0.0012225,              0.0012225
                     75,                 1.2556,                   1.67,                 1.7152,                0.74609,                0.55082,                0.66763,                0.32625,                  1.926,                 1.4441,                 2.5039,              0.0012196,              0.0012196,              0.0012196
                     76,                 1.2656,                 1.6153,                 1.7059,                0.65436,                 0.5573,                0.64063,                0.27126,                 1.8642,                 1.6221,                 2.3945,              0.0012168,              0.0012168,              0.0012168
                     77,                 1.2657,                 1.6195,                 1.7047,                0.56632,                0.56402,                 0.5644,                0.27086,                 1.9739,                 1.7853,                 2.5726,               0.001214,               0.001214,               0.001214
                     78,                 1.2586,                 1.6265,                 1.6962,                0.60464,                0.59202,                0.61998,                0.29474,                 1.9358,                 1.4892,                 2.6464,              0.0012111,              0.0012111,              0.0012111
                     79,                 1.2497,                 1.5978,                 1.6859,                0.56256,                0.60282,                0.63677,                0.31321,                 1.8583,                 1.6254,                  2.411,              0.0012083,              0.0012083,              0.0012083
                     80,                 1.2638,                   1.62,                 1.6883,                0.63505,                  0.645,                 0.6453,                0.32416,                 1.9025,                 1.6697,                 2.5734,              0.0012055,              0.0012055,              0.0012055
                     81,                 1.2161,                 1.5449,                 1.6688,                0.78154,                0.48586,                0.62152,                0.29099,                 1.9797,                 1.9535,                 2.6179,              0.0012026,              0.0012026,              0.0012026
                     82,                 1.2623,                 1.5851,                  1.692,                0.66909,                0.59332,                0.70014,                0.35786,                 1.8448,                 1.3565,                 2.3902,              0.0011998,              0.0011998,              0.0011998
                     83,                 1.2247,                 1.5089,                 1.6711,                0.62678,                0.60283,                 0.6449,                0.32206,                 1.9878,                 1.5688,                 2.5445,               0.001197,               0.001197,               0.001197
                     84,                 1.2264,                 1.5162,                 1.6773,                0.68313,                0.51802,                0.61205,                 0.3291,                 1.7437,                 1.6415,                 2.2961,              0.0011942,              0.0011942,              0.0011942
                     85,                 1.2587,                 1.5189,                 1.7077,                 0.7468,                0.58671,                0.67053,                 0.3179,                 1.9021,                 1.4022,                 2.4062,              0.0011913,              0.0011913,              0.0011913
                     86,                 1.2087,                  1.519,                 1.6512,                0.75271,                0.58329,                0.66785,                0.31516,                 1.9131,                 1.3324,                 2.5128,              0.0011885,              0.0011885,              0.0011885
                     87,                 1.2327,                 1.5072,                 1.6728,                0.57637,                0.61678,                 0.6284,                0.33223,                 1.9233,                 1.5599,                 2.4924,              0.0011857,              0.0011857,              0.0011857
                     88,                 1.2203,                 1.4995,                 1.6795,                0.70547,                0.53351,                0.60808,                0.33518,                 1.7444,                 1.4658,                 2.3581,              0.0011828,              0.0011828,              0.0011828
                     89,                 1.2361,                 1.5124,                 1.6897,                0.61469,                0.66813,                0.67788,                0.33884,                 1.8732,                 1.3862,                 2.4801,                0.00118,                0.00118,                0.00118
                     90,                 1.2309,                 1.4749,                 1.6607,                0.61531,                0.68644,                0.68821,                0.34573,                 1.9194,                 1.4994,                 2.5411,              0.0011772,              0.0011772,              0.0011772
                     91,                 1.1907,                  1.466,                 1.6305,                0.63106,                0.65019,                0.64104,                0.31754,                 1.8849,                  1.558,                 2.5303,              0.0011744,              0.0011744,              0.0011744
                     92,                 1.2375,                 1.4686,                 1.6666,                0.56183,                0.64312,                0.58045,                0.26539,                 1.8364,                 1.4793,                 2.5522,              0.0011715,              0.0011715,              0.0011715
                     93,                 1.1915,                 1.4817,                  1.638,                0.61799,                0.66139,                0.68068,                0.33502,                  1.983,                 1.2897,                 2.6644,              0.0011687,              0.0011687,              0.0011687
                     94,                 1.2174,                 1.4274,                 1.6719,                0.52427,                  0.685,                0.63977,                0.33914,                 1.8554,                 1.4161,                 2.5604,              0.0011659,              0.0011659,              0.0011659
                     95,                 1.2279,                 1.4639,                 1.6661,                0.65483,                0.60458,                0.67703,                 0.3435,                 1.9319,                 1.4359,                 2.5152,               0.001163,               0.001163,               0.001163
                     96,                 1.2331,                 1.4732,                 1.6675,                0.59853,                0.66229,                0.64364,                0.31738,                 2.0557,                 1.5937,                 2.7489,              0.0011602,              0.0011602,              0.0011602
                     97,                 1.2016,                 1.4934,                 1.6458,                0.59508,                0.59262,                0.63542,                0.30654,                  2.017,                 1.7643,                 2.6404,              0.0011574,              0.0011574,              0.0011574
                     98,                  1.208,                 1.4503,                 1.6496,                0.65774,                0.65034,                0.67975,                0.36773,                 1.8001,                 1.3449,                 2.3739,              0.0011545,              0.0011545,              0.0011545
                     99,                 1.1749,                 1.4122,                 1.6328,                0.72202,                0.56107,                0.64445,                0.34728,                 1.7308,                 1.4364,                   2.39,              0.0011517,              0.0011517,              0.0011517
                    100,                 1.2089,                 1.4212,                 1.6474,                0.63114,                0.63231,                0.66606,                0.34519,                 1.8152,                 1.3825,                 2.4281,              0.0011489,              0.0011489,              0.0011489
                    101,                 1.1647,                 1.4033,                 1.6315,                0.66619,                0.63341,                0.68496,                 0.3625,                 1.9055,                 1.2144,                  2.625,              0.0011461,              0.0011461,              0.0011461
                    102,                 1.2103,                 1.4673,                 1.6533,                0.81218,                0.56863,                0.70723,                0.37885,                 1.7574,                 1.3101,                 2.4271,              0.0011432,              0.0011432,              0.0011432
                    103,                 1.1839,                 1.4125,                  1.635,                0.66438,                0.57669,                0.65706,                 0.3244,                 1.9379,                 1.3827,                 2.6202,              0.0011404,              0.0011404,              0.0011404
                    104,                  1.152,                 1.4078,                 1.6245,                0.69531,                0.57252,                0.67576,                0.35239,                 1.7292,                   1.31,                 2.3636,              0.0011376,              0.0011376,              0.0011376
                    105,                 1.1665,                 1.3868,                 1.6222,                0.62658,                0.68982,                0.65158,                0.30302,                 2.1996,                   1.51,                  2.873,              0.0011347,              0.0011347,              0.0011347
                    106,                 1.1863,                 1.4036,                 1.6132,                0.73045,                0.59663,                0.71513,                0.34553,                 1.8343,                 1.5942,                 2.4549,              0.0011319,              0.0011319,              0.0011319
                    107,                  1.194,                 1.3415,                 1.6333,                0.64765,                0.59037,                0.68382,                0.33972,                 1.8583,                 1.4201,                 2.4475,              0.0011291,              0.0011291,              0.0011291
                    108,                 1.1764,                 1.3623,                 1.6217,                0.73779,                0.65587,                0.74217,                0.39635,                 1.8414,                 1.3771,                 2.5101,              0.0011263,              0.0011263,              0.0011263
                    109,                  1.164,                 1.4004,                 1.6137,                0.68204,                0.66388,                0.70957,                0.35357,                 1.8721,                 1.1581,                 2.5904,              0.0011234,              0.0011234,              0.0011234
                    110,                  1.124,                 1.3207,                 1.5693,                0.77011,                0.61055,                 0.7045,                 0.3628,                 1.9555,                 1.6003,                 2.5593,              0.0011206,              0.0011206,              0.0011206
                    111,                  1.195,                 1.3727,                 1.6585,                 0.6792,                0.58161,                0.67832,                0.35614,                 1.8322,                 1.3728,                 2.5006,              0.0011178,              0.0011178,              0.0011178
                    112,                 1.1448,                 1.3652,                 1.5987,                0.67702,                 0.6742,                0.67726,                0.34399,                 1.9341,                 1.3599,                  2.643,              0.0011149,              0.0011149,              0.0011149
                    113,                 1.1426,                 1.3303,                 1.5979,                0.67523,                0.66377,                0.71382,                0.36237,                 1.7457,                 1.5845,                 2.4737,              0.0011121,              0.0011121,              0.0011121
                    114,                 1.1145,                  1.296,                 1.5688,                0.74463,                0.69375,                0.76401,                0.40709,                 1.7886,                 1.3763,                 2.3742,              0.0011093,              0.0011093,              0.0011093
                    115,                 1.1717,                 1.3132,                 1.6169,                0.82849,                0.62325,                0.73298,                0.39082,                 1.9129,                 1.2794,                 2.6271,              0.0011064,              0.0011064,              0.0011064
                    116,                 1.1248,                   1.28,                 1.5795,                0.70039,                0.64616,                0.71466,                0.35079,                 1.9877,                 1.5487,                 2.6864,              0.0011036,              0.0011036,              0.0011036
                    117,                 1.1436,                 1.3014,                 1.5897,                0.61499,                 0.6405,                0.66594,                0.36431,                 1.8038,                 1.3634,                 2.5046,              0.0011008,              0.0011008,              0.0011008
                    118,                 1.1166,                 1.2991,                 1.5769,                0.79347,                 0.6373,                0.73702,                0.36088,                 2.0363,                 1.4206,                 2.7257,               0.001098,               0.001098,               0.001098
                    119,                 1.1285,                 1.3054,                 1.5853,                0.71737,                0.68017,                0.73294,                0.39166,                 1.7826,                 1.3818,                  2.488,              0.0010951,              0.0010951,              0.0010951
                    120,                 1.0904,                  1.258,                  1.546,                0.73158,                0.68174,                0.70626,                0.40143,                 1.6938,                 1.5025,                 2.3571,              0.0010923,              0.0010923,              0.0010923
                    121,                 1.0887,                 1.2891,                 1.5387,                0.78018,                0.60713,                 0.7189,                0.39082,                 1.8848,                 1.2609,                 2.5645,              0.0010895,              0.0010895,              0.0010895
                    122,                 1.0889,                 1.2139,                 1.5474,                0.77046,                0.61396,                0.73695,                0.41702,                 1.7616,                  1.202,                 2.4721,              0.0010866,              0.0010866,              0.0010866
                    123,                 1.1128,                 1.2646,                  1.572,                0.70632,                0.62768,                0.66703,                0.36754,                 1.8442,                 1.3334,                 2.5948,              0.0010838,              0.0010838,              0.0010838
                    124,                 1.0974,                 1.2222,                 1.5479,                0.70409,                0.67178,                0.72088,                0.37718,                 1.8435,                 1.4003,                 2.4459,               0.001081,               0.001081,               0.001081
                    125,                 1.1121,                 1.2734,                 1.5668,                0.75985,                0.64118,                0.72127,                0.41042,                 1.8163,                 1.4084,                   2.53,              0.0010782,              0.0010782,              0.0010782
                    126,                 1.1158,                 1.2676,                 1.5695,                0.47607,                0.70862,                 0.5691,                0.32187,                 1.8341,                 1.5461,                 2.5911,              0.0010753,              0.0010753,              0.0010753
                    127,                 1.0859,                  1.274,                 1.5611,                 0.6684,                 0.6136,                0.64453,                0.33194,                 1.9799,                 1.5168,                 2.7233,              0.0010725,              0.0010725,              0.0010725
                    128,                 1.0723,                 1.1985,                 1.5408,                  0.717,                 0.7174,                0.73499,                0.38637,                 1.8398,                 1.1302,                 2.5541,              0.0010697,              0.0010697,              0.0010697
                    129,                 1.0775,                  1.235,                 1.5424,                 0.7501,                0.72325,                0.76997,                0.43155,                  1.805,                 1.2083,                 2.4024,              0.0010668,              0.0010668,              0.0010668
                    130,                 1.0914,                 1.2421,                 1.5499,                0.74336,                0.68408,                0.77063,                0.40896,                 1.8628,                 1.2678,                 2.5471,               0.001064,               0.001064,               0.001064
                    131,                 1.0513,                 1.1694,                 1.5227,                0.82702,                0.62879,                0.76236,                0.37879,                 1.9105,                 1.2623,                 2.5814,              0.0010612,              0.0010612,              0.0010612
                    132,                 1.0519,                 1.1965,                 1.5244,                0.71479,                0.67251,                0.72622,                0.39565,                 1.8816,                  1.209,                 2.6715,              0.0010583,              0.0010583,              0.0010583
                    133,                 1.0709,                 1.2144,                 1.5328,                 0.7466,                0.71845,                0.76429,                0.42439,                 1.8774,                 1.3076,                 2.5492,              0.0010555,              0.0010555,              0.0010555
                    134,                 1.1373,                 1.2277,                 1.5691,                0.64106,                0.73901,                0.72458,                0.41141,                 1.8434,                 1.2074,                 2.6784,              0.0010527,              0.0010527,              0.0010527
                    135,                 1.0756,                 1.2721,                 1.5507,                0.68017,                0.71512,                0.73576,                0.39449,                   1.82,                 1.1969,                 2.5945,              0.0010499,              0.0010499,              0.0010499
                    136,                 1.0674,                 1.2307,                 1.5279,                0.77373,                0.61735,                0.71815,                0.38946,                 1.9785,                 1.2859,                 2.7002,               0.001047,               0.001047,               0.001047
                    137,                 1.0829,                 1.2402,                 1.5201,                0.70105,                0.63816,                0.67967,                0.38095,                  1.777,                 1.2099,                 2.6108,              0.0010442,              0.0010442,              0.0010442
                    138,                 1.0745,                 1.1993,                 1.5218,                0.71269,                0.67476,                0.73153,                0.39092,                 1.8492,                 1.3327,                 2.4895,              0.0010414,              0.0010414,              0.0010414
                    139,                  1.058,                 1.1399,                 1.4956,                0.70789,                0.69557,                0.71296,                0.37162,                 1.8502,                  1.602,                 2.5207,              0.0010385,              0.0010385,              0.0010385
                    140,                 1.0541,                 1.1489,                 1.5241,                0.69511,                0.73621,                0.78217,                0.42688,                 1.7122,                 1.3265,                 2.3866,              0.0010357,              0.0010357,              0.0010357
                    141,                 1.0777,                 1.1794,                 1.5351,                0.81358,                0.67481,                0.74945,                0.39344,                  1.866,                 1.2083,                 2.5455,              0.0010329,              0.0010329,              0.0010329
                    142,                 1.0582,                  1.148,                 1.5316,                0.76658,                0.65598,                  0.755,                0.41662,                 1.8428,                 1.1869,                 2.5652,              0.0010301,              0.0010301,              0.0010301
                    143,                 1.0635,                 1.2051,                  1.537,                0.79479,                0.74008,                0.75605,                0.44521,                 1.7049,                 1.2755,                 2.4666,              0.0010272,              0.0010272,              0.0010272
                    144,                 1.0562,                 1.1661,                 1.5229,                0.72557,                 0.7233,                0.72555,                0.38861,                 1.8132,                 1.2379,                 2.4926,              0.0010244,              0.0010244,              0.0010244
                    145,                 1.0473,                 1.1424,                 1.5118,                0.76391,                0.69571,                0.78039,                0.40675,                 1.8572,                 1.1283,                 2.5848,              0.0010216,              0.0010216,              0.0010216
                    146,                 1.0591,                 1.1323,                 1.4962,                0.76072,                0.59378,                0.72585,                0.39527,                 1.8349,                 1.1759,                  2.618,              0.0010187,              0.0010187,              0.0010187
                    147,                 1.0776,                 1.1834,                 1.5227,                0.65104,                0.69646,                0.68739,                0.36142,                 1.9047,                 1.2544,                 2.6454,              0.0010159,              0.0010159,              0.0010159
                    148,                 1.0486,                 1.1648,                 1.5224,                0.66277,                0.74817,                0.73668,                0.41887,                 1.8045,                 1.1271,                 2.5227,              0.0010131,              0.0010131,              0.0010131
                    149,                 1.0547,                 1.1401,                 1.5168,                0.65297,                0.64095,                0.73555,                0.38937,                 1.8904,                 1.1718,                 2.6622,              0.0010102,              0.0010102,              0.0010102
                    150,                 1.0408,                 1.1274,                 1.5086,                0.74879,                0.61936,                0.74486,                0.36214,                 1.9477,                 1.1489,                 2.7887,              0.0010074,              0.0010074,              0.0010074
                    151,                 1.0525,                 1.1104,                 1.5063,                0.79004,                0.71938,                0.79354,                 0.4377,                  1.817,                 1.1496,                 2.5588,              0.0010046,              0.0010046,              0.0010046
                    152,                 1.0161,                 1.1159,                 1.4874,                0.66936,                0.70666,                0.73651,                0.38465,                 1.9701,                 1.1422,                    2.7,              0.0010018,              0.0010018,              0.0010018
                    153,                 1.0305,                 1.0929,                  1.496,                0.60415,                0.64462,                0.66365,                0.36293,                 1.7759,                 1.2596,                  2.498,             0.00099893,             0.00099893,             0.00099893
                    154,                 1.0092,                 1.1227,                 1.4855,                0.74918,                0.70839,                0.75295,                 0.4035,                 1.7896,                 1.1321,                 2.5804,              0.0009961,              0.0009961,              0.0009961
                    155,                 1.0145,                 1.1033,                 1.5007,                 0.8442,                0.57771,                0.73033,                0.41376,                 1.8798,                 1.2331,                 2.6882,             0.00099327,             0.00099327,             0.00099327
                    156,                0.96599,                 1.0731,                 1.4661,                0.74591,                0.63069,                0.70669,                0.37119,                 1.9426,                 1.3884,                 2.6475,             0.00099044,             0.00099044,             0.00099044
                    157,                 1.0139,                 1.0849,                 1.4836,                0.69198,                0.74514,                0.74083,                0.41082,                 1.7507,                 1.1561,                 2.4169,             0.00098761,             0.00098761,             0.00098761
                    158,                 1.0215,                 1.1193,                 1.4902,                0.73318,                0.71299,                0.75032,                0.37345,                 1.8773,                 1.1621,                 2.7205,             0.00098478,             0.00098478,             0.00098478
                    159,                 1.0249,                 1.1108,                 1.4904,                 0.6772,                0.71254,                0.73263,                0.38755,                 1.9551,                  1.166,                 2.7436,             0.00098195,             0.00098195,             0.00098195
                    160,                 1.0135,                 1.0925,                 1.4886,                0.60449,                0.71593,                 0.6915,                0.38939,                 1.8206,                  1.248,                 2.6778,             0.00097912,             0.00097912,             0.00097912
                    161,                 1.0224,                 1.0461,                 1.4827,                0.72806,                0.68185,                0.72355,                0.38591,                 1.9152,                 1.1048,                 2.7914,             0.00097629,             0.00097629,             0.00097629
                    162,                 1.0091,                 1.0836,                 1.4735,                 0.7131,                0.74623,                 0.7484,                0.38284,                 1.9049,                 1.1128,                   2.76,             0.00097346,             0.00097346,             0.00097346
                    163,                 1.0091,                 1.0905,                 1.4798,                0.75492,                 0.7802,                0.76507,                0.41027,                 1.8276,                 1.0172,                  2.621,             0.00097063,             0.00097063,             0.00097063
                    164,                0.97566,                 1.0369,                 1.4528,                0.62392,                0.75292,                0.75248,                0.38192,                 1.8716,                 1.1274,                 2.6927,              0.0009678,              0.0009678,              0.0009678
                    165,                0.98366,                 1.0343,                   1.45,                0.85812,                0.64289,                0.75642,                  0.393,                 1.8404,                 1.1979,                 2.6839,             0.00096498,             0.00096498,             0.00096498
                    166,                 1.0115,                 1.0511,                 1.4908,                0.59189,                0.69675,                0.66729,                0.37292,                 1.8625,                 1.1668,                 2.7473,             0.00096215,             0.00096215,             0.00096215
                    167,                0.97105,                 1.0506,                 1.4327,                0.68441,                0.74204,                 0.7103,                  0.374,                 1.8075,                 1.1427,                 2.6489,             0.00095932,             0.00095932,             0.00095932
                    168,                0.99707,                 1.0364,                 1.4694,                 0.5643,                0.73256,                0.66863,                0.33879,                 1.8968,                  1.165,                 2.7955,             0.00095649,             0.00095649,             0.00095649
                    169,                 1.0302,                 1.1009,                 1.4918,                0.67762,                0.74313,                0.73907,                0.39084,                 1.8189,                 1.1689,                 2.6681,             0.00095366,             0.00095366,             0.00095366
                    170,                0.97743,                  1.039,                 1.4571,                0.73083,                0.77584,                0.78172,                0.39699,                 1.8746,                 1.1534,                 2.7934,             0.00095083,             0.00095083,             0.00095083
                    171,                0.93692,                 1.0063,                 1.4284,                 0.6477,                0.75497,                0.68882,                0.39579,                 1.8945,                 1.2767,                 2.7481,               0.000948,               0.000948,               0.000948
                    172,                0.98034,                 1.0588,                 1.4639,                0.69601,                0.69223,                0.74835,                0.41425,                  1.853,                 1.1672,                 2.7134,             0.00094517,             0.00094517,             0.00094517
                    173,                0.98148,                 1.0348,                 1.4514,                0.72186,                0.62858,                0.70612,                0.41803,                 1.7666,                  1.197,                 2.5396,             0.00094234,             0.00094234,             0.00094234
                    174,                0.98397,                0.98895,                 1.4527,                0.69601,                0.70785,                0.70792,                0.38192,                 1.9618,                 1.3045,                 2.6957,             0.00093951,             0.00093951,             0.00093951
                    175,                0.99002,                 1.0517,                 1.4633,                0.70746,                0.80276,                0.75915,                0.38444,                 1.8842,                  1.757,                 2.8358,             0.00093668,             0.00093668,             0.00093668
                    176,                0.97305,                 1.0239,                   1.45,                0.87779,                 0.6529,                0.75714,                0.40248,                 1.9329,                 1.2987,                 2.6342,             0.00093385,             0.00093385,             0.00093385
                    177,                0.94607,                0.96039,                 1.4121,                0.78334,                0.78873,                0.76249,                0.41103,                 1.8308,                 1.0688,                  2.734,             0.00093102,             0.00093102,             0.00093102
                    178,                0.92846,                0.99989,                 1.4264,                0.74794,                0.71384,                0.73368,                0.40159,                 1.9057,                 1.1016,                 2.7229,             0.00092819,             0.00092819,             0.00092819
                    179,                0.95604,                 1.0181,                 1.4413,                 0.8756,                0.69214,                0.78437,                  0.405,                 1.8442,                 1.1126,                 2.6629,             0.00092536,             0.00092536,             0.00092536
                    180,                0.94572,                0.98606,                 1.4336,                0.68298,                0.76473,                0.70627,                0.36174,                 1.8338,                 1.2035,                 2.5837,             0.00092253,             0.00092253,             0.00092253
                    181,                0.93805,                 1.0199,                 1.4574,                0.74554,                0.73393,                0.72125,                0.40276,                 1.7831,                 1.3704,                 2.5052,              0.0009197,              0.0009197,              0.0009197
                    182,                0.94886,                0.99042,                  1.426,                0.69041,                 0.7511,                0.68625,                0.38544,                 1.7591,                 1.3498,                 2.4306,             0.00091687,             0.00091687,             0.00091687
                    183,                0.94151,                 1.0101,                 1.4317,                0.69811,                0.64873,                0.69721,                0.36344,                 1.8379,                 1.1847,                 2.7432,             0.00091405,             0.00091405,             0.00091405
                    184,                0.92236,                0.95121,                 1.4155,                0.76564,                0.73142,                0.74999,                  0.405,                 1.8815,                 1.1289,                 2.7947,             0.00091122,             0.00091122,             0.00091122
                    185,                0.98229,                 1.0045,                 1.4325,                0.78996,                 0.6976,                0.75765,                0.39828,                  1.804,                 1.1738,                 2.5553,             0.00090839,             0.00090839,             0.00090839
                    186,                0.92238,                0.94429,                 1.3954,                0.76126,                0.74932,                0.74577,                0.37866,                 1.8933,                 1.2496,                 2.7328,             0.00090556,             0.00090556,             0.00090556
                    187,                0.93159,                0.95463,                 1.4183,                0.73222,                0.68773,                0.73694,                0.37216,                 1.8288,                 1.1493,                 2.6532,             0.00090273,             0.00090273,             0.00090273
                    188,                0.92894,                0.92595,                 1.4212,                0.72504,                0.62519,                0.69853,                0.37376,                 1.8302,                 1.2095,                 2.7357,              0.0008999,              0.0008999,              0.0008999
                    189,                0.91589,                0.93485,                 1.3971,                0.64752,                0.72595,                0.69917,                0.37816,                 1.8965,                 1.1534,                 2.9228,             0.00089707,             0.00089707,             0.00089707
                    190,                0.93176,                 0.9359,                 1.4055,                0.76315,                0.67416,                0.71388,                0.37675,                 1.9498,                 1.3029,                 2.9566,             0.00089424,             0.00089424,             0.00089424
                    191,                0.92965,                0.94115,                 1.4145,                0.62228,                0.67708,                 0.6503,                 0.3612,                 1.8865,                 1.3927,                 2.6814,             0.00089141,             0.00089141,             0.00089141
                    192,                0.88546,                0.91812,                 1.3832,                0.65942,                0.69565,                0.66105,                0.32452,                  1.975,                 1.2401,                 2.9379,             0.00088858,             0.00088858,             0.00088858
                    193,                0.93211,                0.97951,                 1.3956,                0.61514,                0.72766,                0.70794,                 0.3682,                 1.8962,                  1.118,                 2.8386,             0.00088575,             0.00088575,             0.00088575
                    194,                0.92532,                0.94118,                 1.3901,                0.70962,                0.68729,                0.69064,                0.36847,                 1.8526,                 1.1577,                  2.704,             0.00088292,             0.00088292,             0.00088292
                    195,                0.91064,                0.94282,                 1.3863,                0.63449,                0.75448,                 0.7213,                0.38097,                 1.7979,                 1.2994,                 2.6815,             0.00088009,             0.00088009,             0.00088009
                    196,                0.90246,                0.89844,                 1.3929,                0.83496,                0.61212,                0.70846,                0.36158,                 1.9199,                 1.3837,                 2.9514,             0.00087726,             0.00087726,             0.00087726
                    197,                0.90848,                0.92443,                 1.3928,                0.74623,                 0.6696,                0.71089,                0.38267,                 1.9379,                 1.1426,                 2.8792,             0.00087443,             0.00087443,             0.00087443
                    198,                0.92073,                0.93552,                 1.4001,                0.66847,                 0.7433,                0.69839,                0.38352,                 1.8728,                 1.1174,                 2.7458,              0.0008716,              0.0008716,              0.0008716
                    199,                0.96595,                0.96798,                 1.4279,                0.66981,                0.74337,                0.68919,                0.36743,                 1.9304,                 1.2184,                 2.9201,             0.00086877,             0.00086877,             0.00086877
                    200,                0.90623,                0.92526,                  1.399,                0.64252,                0.74934,                0.69281,                0.34159,                 1.8782,                 1.2888,                 2.7357,             0.00086595,             0.00086595,             0.00086595
                    201,                0.90904,                0.94672,                 1.4094,                0.72413,                0.61434,                0.67028,                0.38647,                 1.8082,                 1.3548,                 2.5525,             0.00086312,             0.00086312,             0.00086312
                    202,                0.88374,                0.90214,                 1.3817,                 0.6321,                0.67514,                0.66164,                0.37703,                 1.8438,                 1.1168,                 2.6828,             0.00086029,             0.00086029,             0.00086029
                    203,                0.88551,                0.91575,                 1.3768,                0.69323,                0.66372,                0.69014,                0.40806,                 1.7476,                 1.2184,                 2.5349,             0.00085746,             0.00085746,             0.00085746
                    204,                0.92728,                0.92841,                 1.4029,                0.70717,                0.69335,                0.67826,                0.38086,                 1.8229,                 1.2253,                 2.6706,             0.00085463,             0.00085463,             0.00085463
                    205,                0.95146,                 0.9534,                 1.4183,                0.72306,                0.70123,                0.70725,                0.38244,                 1.7848,                 1.2461,                 2.5855,              0.0008518,              0.0008518,              0.0008518
                    206,                0.91919,                0.93795,                 1.4005,                0.63103,                0.68794,                0.66382,                0.36996,                 1.8668,                 1.2269,                 2.7598,             0.00084897,             0.00084897,             0.00084897
                    207,                0.89121,                0.90576,                 1.3921,                0.69866,                0.63267,                0.72031,                0.35978,                 1.8761,                 1.2929,                 2.8151,             0.00084614,             0.00084614,             0.00084614
                    208,                0.90339,                0.91549,                 1.3842,                0.77603,                0.64589,                 0.6935,                0.36664,                 1.8005,                  1.201,                 2.5932,             0.00084331,             0.00084331,             0.00084331
                    209,                0.91002,                0.87316,                 1.3846,                0.68481,                0.72927,                0.72898,                 0.3787,                  1.836,                 1.4366,                 2.7738,             0.00084048,             0.00084048,             0.00084048
                    210,                0.88179,                0.89671,                 1.3663,                0.75077,                0.71399,                0.72159,                0.37126,                 1.8153,                 1.1846,                 2.7721,             0.00083765,             0.00083765,             0.00083765
                    211,                0.86945,                0.88621,                 1.3681,                0.68473,                0.65291,                0.68156,                0.39365,                 1.7523,                 1.1918,                 2.6936,             0.00083482,             0.00083482,             0.00083482
                    212,                0.87972,                0.88319,                 1.3677,                0.62382,                0.75136,                0.71941,                0.40088,                 1.8238,                 1.1522,                 2.7784,             0.00083199,             0.00083199,             0.00083199
                    213,                 0.8452,                 0.8678,                  1.337,                0.67213,                0.69484,                0.69673,                0.39521,                 1.8214,                 1.2047,                 2.7391,             0.00082916,             0.00082916,             0.00082916
                    214,                0.87884,                0.87116,                 1.3703,                0.70372,                0.65978,                0.67783,                 0.3757,                 1.8961,                 1.2182,                 2.8356,             0.00082633,             0.00082633,             0.00082633
                    215,                0.87875,                0.86065,                 1.3802,                0.67505,                0.63116,                0.63211,                0.35314,                 1.7337,                 1.2778,                 2.6067,              0.0008235,              0.0008235,              0.0008235
                    216,                0.86951,                0.87901,                 1.3587,                0.65559,                0.72244,                0.68838,                0.38258,                 1.7875,                 1.4526,                 2.7829,             0.00082067,             0.00082067,             0.00082067
                    217,                0.86941,                0.88968,                 1.3651,                0.76903,                0.63433,                0.72497,                0.39073,                 1.8548,                 1.1664,                   2.81,             0.00081785,             0.00081785,             0.00081785
                    218,                0.86804,                0.90076,                 1.3579,                0.72014,                  0.681,                0.70838,                0.38565,                 1.7783,                 1.1618,                 2.8149,             0.00081502,             0.00081502,             0.00081502
                    219,                0.84508,                0.85756,                 1.3419,                0.73131,                0.73513,                0.68402,                 0.3819,                 1.7726,                 1.2431,                  2.736,             0.00081219,             0.00081219,             0.00081219
                    220,                0.86834,                0.88545,                 1.3536,                0.72167,                 0.6724,                0.72375,                0.37922,                 1.7684,                 1.1812,                  2.686,             0.00080936,             0.00080936,             0.00080936
                    221,                0.85141,                 0.8766,                 1.3447,                0.66057,                0.70816,                0.72388,                0.40325,                 1.8647,                 1.2222,                  2.856,             0.00080653,             0.00080653,             0.00080653
                    222,                 0.8395,                 0.8488,                 1.3295,                0.71205,                0.70139,                0.73628,                0.38545,                 1.8834,                 1.2404,                 2.9907,              0.0008037,              0.0008037,              0.0008037
                    223,                0.86905,                0.88209,                 1.3716,                0.67116,                0.72498,                0.70781,                0.37017,                 1.8724,                 1.1854,                 2.7969,             0.00080087,             0.00080087,             0.00080087
                    224,                0.85216,                0.83856,                 1.3455,                0.66015,                0.74852,                0.67044,                0.36119,                 1.8587,                 1.1566,                 2.9031,             0.00079804,             0.00079804,             0.00079804
                    225,                0.87142,                0.85553,                 1.3552,                0.69388,                0.68522,                0.72081,                0.41208,                 1.7544,                 1.2861,                 2.5583,             0.00079521,             0.00079521,             0.00079521
                    226,                0.84338,                0.86545,                 1.3298,                0.78346,                0.66947,                0.76055,                0.42325,                 1.8531,                 1.1206,                 2.7553,             0.00079238,             0.00079238,             0.00079238
                    227,                0.82917,                0.85634,                 1.3266,                 0.8048,                0.68081,                0.76424,                0.42849,                 1.8128,                 1.1609,                 2.8228,             0.00078955,             0.00078955,             0.00078955
                    228,                0.81475,                0.83816,                 1.3325,                0.66704,                0.75138,                0.73875,                0.39726,                 1.8642,                 1.1451,                 2.9284,             0.00078672,             0.00078672,             0.00078672
                    229,                0.86493,                0.85799,                 1.3486,                0.65591,                 0.6966,                0.68688,                0.38237,                   1.77,                 1.1858,                 2.7301,             0.00078389,             0.00078389,             0.00078389
                    230,                0.82466,                0.80402,                 1.3338,                0.76022,                0.64828,                0.67057,                0.36371,                 1.7929,                 1.1663,                 2.7306,             0.00078106,             0.00078106,             0.00078106
                    231,                0.82663,                0.82715,                 1.3284,                0.67437,                 0.7027,                0.63641,                0.36078,                 1.7832,                 1.2674,                 2.7324,             0.00077823,             0.00077823,             0.00077823
                    232,                0.82441,                0.82836,                 1.3236,                0.69806,                0.68035,                0.66224,                0.35613,                  1.789,                 1.2973,                   2.77,              0.0007754,              0.0007754,              0.0007754
                    233,                0.80972,                0.81369,                 1.3144,                0.75707,                0.70472,                0.68898,                0.39024,                 1.7969,                  1.113,                 2.8285,             0.00077257,             0.00077257,             0.00077257
                    234,                0.80318,                0.79407,                  1.306,                0.76133,                0.75568,                0.72753,                0.40033,                 1.8068,                 1.1973,                 2.7476,             0.00076975,             0.00076975,             0.00076975
                    235,                0.80296,                0.80845,                  1.309,                0.71047,                0.69667,                0.68407,                0.37665,                 1.8302,                 1.1869,                  2.908,             0.00076692,             0.00076692,             0.00076692
                    236,                0.85011,                0.81076,                 1.3336,                0.69342,                0.72282,                0.70557,                 0.3973,                 1.8181,                 1.1144,                 2.8635,             0.00076409,             0.00076409,             0.00076409
                    237,                0.81433,                0.82467,                 1.3205,                0.64679,                0.71593,                0.66874,                0.38852,                 1.7212,                 1.1905,                 2.6869,             0.00076126,             0.00076126,             0.00076126
                    238,                0.81849,                 0.8238,                 1.3433,                0.68557,                0.70105,                0.69449,                0.39231,                 1.7786,                 1.2771,                 2.6475,             0.00075843,             0.00075843,             0.00075843
                    239,                0.82777,                0.80804,                 1.3308,                0.69292,                0.71399,                 0.7109,                0.39648,                 1.8256,                 1.0819,                 2.7273,              0.0007556,              0.0007556,              0.0007556
                    240,                0.80544,                0.80508,                 1.3181,                0.69283,                0.71813,                0.71333,                0.41279,                 1.8888,                  1.238,                  2.847,             0.00075277,             0.00075277,             0.00075277
                    241,                0.79931,                0.78927,                 1.3015,                0.69876,                0.66016,                0.67604,                0.36674,                 1.8473,                 1.2842,                 2.8926,             0.00074994,             0.00074994,             0.00074994
                    242,                 0.7979,                0.81204,                 1.3148,                0.72162,                0.70629,                0.70227,                0.39747,                 1.8627,                 1.2638,                 2.8868,             0.00074711,             0.00074711,             0.00074711
                    243,                0.76221,                0.76522,                 1.2825,                0.73421,                0.67967,                0.73033,                0.39514,                 1.7262,                 1.1889,                 2.7102,             0.00074428,             0.00074428,             0.00074428
